REG,COM,Nom,HApoly,Surfacesbois,Surfacescult,Airbat,POPTOT,HApoly.cat,POPTOT.cat,DOM
1,6621,Geneve,1593,67,31,773,177964,2,5,1
1,5586,Lausanne,4136,1635,714,856,124914,3,5,1
1,6643,Vernier,765,98,121,240,29559,1,4,1
1,6266,Sion,2562,277,1149,315,27171,2,4,1
1,6628,Lancy,477,47,39,207,25688,1,4,1
1,5938,Yverdon-les-Bains,1127,86,400,278,24376,2,4,1
1,5886,Montreux,3340,1641,377,351,22454,3,4,1
1,6630,Meyrin,996,66,392,232,19548,1,4,1
1,5591,Renens (VD),296,9,13,117,18406,1,4,1
1,6608,Carouge (GE),269,25,19,86,17590,1,4,1
1,6631,Onex,285,54,30,126,16419,1,4,1
1,5890,Vevey,239,14,10,120,16202,1,4,1
1,5724,Nyon,683,55,280,206,16182,1,4,1
1,5590,Pully,585,152,121,207,16034,1,4,1
1,6136,Martigny,2497,992,783,189,14361,2,4,1
1,6248,Sierre,1918,423,739,191,14317,2,4,1
1,5642,Morges,386,16,87,152,14154,1,4,1
1,6153,Monthey,2864,1300,366,221,13933,2,4,1
1,6640,Thonex,380,22,99,176,12141,1,3,1
1,6002,Brig-Glis,3808,1783,288,155,11590,3,3,1
1,5589,Prilly,219,13,31,102,10955,1,3,1
1,6644,Versoix,1050,418,316,202,10309,1,3,1
1,5889,La Tour-de-Peilz,330,15,112,141,10230,1,3,1
1,5635,Ecublens (VD),571,73,177,148,10227,1,3,1
1,6612,Chene-Bougeries,412,45,50,248,9759,1,3,1
1,5721,Gland,831,115,401,144,9663,1,3,1
1,6607,Bernex,1299,232,782,126,9076,2,3,1
1,6645,Veyrier,650,97,243,205,8892,1,3,1
1,5606,Lutry,846,174,393,162,8270,1,3,1
1,6623,Le Grand-Saconnex,436,12,121,134,8114,1,3,1
1,5401,Aigle,1636,627,575,117,7955,2,3,1
1,5584,Epalinges,457,127,111,161,7516,1,3,1
1,6007,Naters,10117,907,206,114,7515,4,3,1
1,5624,Bussigny-pres-Lausanne,482,97,166,81,7498,1,3,1
1,5822,Payerne,2419,353,1613,145,7294,2,3,1
1,6613,Chene-Bourg,129,11,15,71,7221,1,3,1
1,6633,Plan-les-Ouates,591,32,324,128,6804,1,3,1
1,5583,Crissier,550,147,160,80,6577,1,3,1
1,6297,Visp,1317,788,224,70,6550,2,3,1
1,6031,Bagnes,28225,3541,559,258,6536,5,3,1
1,6616,Collonge-Bellerive,613,41,254,259,6344,1,3,1
1,6023,Conthey,8497,2076,644,180,6261,4,3,1
1,5409,Ollon,5959,2664,1398,303,6257,3,3,1
1,5627,Chavannes-pres-Renens,165,14,49,38,6063,1,3,1
1,6300,Zermatt,24269,1022,89,87,5988,5,3,1
1,5402,Bex,9660,3112,1214,176,5973,4,3,1
1,6152,Collombey-Muraz,2984,1155,864,123,5695,2,3,1
1,6133,Fully,3776,1046,791,87,5587,3,3,1
1,6024,Nendaz,8600,2681,739,250,5350,4,3,1
1,6265,Saviese,7093,1078,663,183,5341,4,3,1
1,5587,Le Mont-sur-Lausanne,981,189,518,142,5182,1,2,1
1,5757,Orbe,1202,37,917,96,5139,2,2,1
1,6617,Cologny,367,40,70,201,4697,1,2,1
1,5881,Blonay,1604,715,212,202,4695,2,2,1
1,5678,Moudon,1568,549,761,94,4371,2,2,1
1,5568,Sainte-Croix,3943,1918,872,139,4333,3,2,1
1,5872,Le Chenit,9922,6545,868,144,4297,4,2,1
1,5518,Echallens,666,89,461,67,4281,1,2,1
1,5861,Rolle,272,18,97,78,4235,1,2,1
1,5646,Saint-Prex,551,43,303,115,4210,1,2,1
1,5414,Villeneuve (VD),3208,1717,151,54,4180,3,2,1
1,5643,Preverenges,185,8,70,67,4078,1,2,1
1,5888,Saint-Legier-La Chiesaz,1512,675,428,133,4068,2,2,1
1,6025,Vetroz,1045,199,518,80,3691,1,2,1
1,6217,Saint-Maurice,703,301,154,72,3596,1,2,1
1,6156,Troistorrents,3698,1856,392,138,3567,3,2,1
1,6110,Leuk,4416,2158,671,86,3361,3,2,1
1,6240,Lens,1391,516,341,136,3357,2,2,1
1,6141,Saxon,2323,1175,629,93,3312,2,2,1
1,5764,Vallorbe,2318,1568,404,78,3247,2,2,1
1,5884,Corsier-sur-Vevey,674,216,308,63,3200,1,2,1
1,5725,Prangins,603,83,350,99,3133,1,2,1
1,5611,Savigny,1600,486,942,110,3084,2,2,1
1,5592,Romanel-sur-Lausanne,287,8,185,40,3068,1,2,1
1,6618,Confignon,274,23,132,66,3033,1,2,1
1,6634,Pregny-Chambesy,326,63,60,157,3009,1,2,1
1,6082,Ayent,5513,1274,530,139,3001,3,2,1
1,5407,Leysin,1853,688,212,87,2998,2,2,1
1,6244,Randogne,1688,509,209,114,2963,2,2,1
1,6159,Vouvry,3354,1205,532,75,2960,3,2,1
1,5841,Chateau-d'Oex,11378,3901,1255,155,2949,4,2,1
1,5582,Cheseaux-sur-Lausanne,460,67,301,50,2939,1,2,1
1,5648,Saint-Sulpice (VD),185,10,34,81,2914,1,2,1
1,6638,Satigny,1897,368,1147,95,2785,2,2,1
1,5749,Chavornay,1107,178,739,62,2785,2,2,1
1,6632,Perly-Certoux,248,11,172,33,2782,1,2,1
1,5561,Grandson,790,85,543,67,2759,1,2,1
1,6234,Chermignon,538,160,236,76,2711,1,2,1
1,6232,Chalais,2446,1660,268,107,2657,2,2,1
1,5717,Founex,480,12,324,107,2648,1,2,1
1,6034,Orsieres,16503,4163,638,118,2630,5,2,1
1,5711,Commugny,652,131,403,89,2603,1,2,1
1,5882,Chardonne,1031,383,443,94,2601,1,2,1
1,5422,Aubonne,688,92,464,62,2570,1,2,1
1,5477,Cossonay,832,182,537,54,2558,1,2,1
1,5451,Avenches,1643,276,1131,55,2544,2,2,1
1,6022,Chamoson,3247,993,624,107,2497,3,2,1
1,6154,Port-Valais,1434,771,305,58,2364,2,2,1
1,5712,Coppet,187,7,70,87,2360,1,2,1
1,5581,Belmont-sur-Lausanne,264,79,100,52,2358,1,2,1
1,5607,Puidoux,2286,565,1383,70,2339,2,2,1
1,6642,Vandoeuvres,439,44,185,150,2333,1,2,1
1,6263,Grimisuat,444,84,243,83,2331,1,2,1
1,6243,Montana,489,206,126,76,2305,1,2,1
1,6292,St.Niklaus,8925,1924,227,69,2304,4,2,1
1,6021,Ardon,2035,627,333,49,2295,2,2,1
1,5636,Etoy,493,33,351,41,2289,1,2,1
1,5495,Penthalaz,387,70,214,49,2283,1,2,1
1,5939,Yvonand,1338,442,728,62,2278,2,2,1
1,6636,Puplinge,268,14,195,36,2258,1,2,1
1,5675,Lucens,627,229,261,46,2221,1,2,1
1,6139,Riddes,2387,886,391,89,2197,2,2,1
1,6622,Genthod,285,40,113,110,2171,1,2,1
1,6135,Leytron,2686,753,377,78,2128,2,2,1
1,6605,Bardonnex,500,26,370,44,2094,1,2,1
1,5633,Echandens,387,67,207,57,2085,1,2,1
1,5883,Corseaux,107,0,28,51,2079,1,2,1
1,5601,Chexbres,214,30,119,32,2041,1,2,1
1,6602,Anieres,387,30,249,84,2031,1,2,1
1,6641,Troinex,339,21,236,68,2030,1,2,1
1,5516,Cugy (VD),295,110,118,48,1992,1,2,1
1,5713,Crans-pres-Celigny,429,60,248,81,1963,1,2,1
1,5605,Grandvaux,295,35,158,55,1937,1,2,1
1,5638,Lonay,371,27,228,54,1900,1,2,1
1,6246,Saint-Leonard,390,67,193,34,1872,1,2,1
1,6238,Grone,2114,1349,208,84,1866,2,2,1
1,5702,Arzier,5190,3679,276,92,1811,3,2,1
1,6606,Bellevue,440,85,216,67,1801,1,2,1
1,5602,Cully,237,22,149,33,1798,1,2,1
1,5859,Mont-sur-Rolle,384,57,251,40,1796,1,2,1
1,6603,Avully,461,68,308,30,1736,1,2,1
1,6137,Martigny-Combe,3763,2388,166,55,1731,3,2,1
1,5498,La Sarraz,777,308,386,40,1728,1,2,1
1,5604,Forel (Lavaux),1853,522,1192,69,1704,2,2,1
1,6629,Meinier,696,22,580,48,1696,1,2,1
1,6619,Corsier (GE),272,7,174,70,1682,1,2,1
1,6199,Raron,3031,574,305,31,1672,2,2,1
1,5649,Tolochenaz,159,12,66,41,1646,1,2,1
1,5816,Corcelles-pres-Payerne,1212,52,1013,53,1644,2,2,1
1,5727,Saint-Cergue,2426,1579,68,85,1601,2,1,1
1,6219,Vernayaz,561,310,73,38,1597,1,1,1
1,6008,Ried-Brig,4750,1461,228,40,1582,3,1,1
1,6158,Vionnaz,2093,1060,304,58,1562,2,1,1
1,6083,Evolene,20994,2529,398,85,1522,5,1,1
1,6140,Saillon,1374,264,431,41,1519,2,1,1
1,5723,Mies,347,124,124,81,1499,1,1,1
1,5718,Genolier,483,162,236,55,1494,1,1,1
1,6235,Chippis,198,115,9,23,1491,1,1,1
1,6290,Saas Fee,4060,384,63,26,1454,3,1,1
1,5523,Froideville,712,366,275,48,1453,1,1,1
1,5428,Gimel,1886,1168,534,40,1449,2,1,1
1,6111,Leukerbad,6723,568,186,49,1431,3,1,1
1,6157,Val-d'Illiez,3926,1416,350,80,1428,3,1,1
1,6250,Veyras,145,11,94,26,1422,1,1,1
1,5588,Paudex,48,3,6,28,1403,1,1,1
1,6298,Visperterminen,5162,1626,398,30,1357,3,1,1
1,5425,Biere,2500,1297,781,58,1353,2,1,1
1,6200,Steg,716,206,85,21,1336,1,1,1
1,5704,Begnins,476,85,326,42,1335,1,1,1
1,6215,Massongex,663,321,220,37,1319,1,1,1
1,6089,Vex,1299,581,266,81,1311,2,1,1
1,6036,Volleges,1788,1005,343,46,1309,2,1,1
1,5411,Ormont-Dessus,6153,1922,430,104,1307,3,1,1
1,5871,L'Abbaye,3192,1815,244,52,1304,3,1,1
1,6107,Gampel,1688,668,206,15,1301,2,1,1
1,6084,Heremence,10752,2024,231,62,1294,4,1,1
1,5496,Penthaz,392,52,269,29,1287,1,1,1
1,5885,Jongny,216,45,118,35,1286,1,1,1
1,6620,Dardagny,856,232,526,26,1284,1,1,1
1,6615,Collex-Bossy,688,183,427,37,1279,1,1,1
1,6285,Grachen,1432,767,141,46,1254,2,1,1
1,5729,Tannay,180,25,91,43,1227,1,1,1
1,5793,Oron-la-Ville,311,45,213,35,1224,1,1,1
1,6113,Salgesch,1134,606,251,26,1198,2,1,1
1,6604,Avusy,521,45,365,41,1177,1,1,1
1,6291,Saas Grund,2455,307,69,19,1167,2,1,1
1,5421,Apples,1296,619,613,34,1159,2,1,1
1,6293,Stalden (VS),1043,753,96,23,1149,1,1,1
1,5818,Granges-pres-Marnand,695,154,438,32,1146,1,1,1
1,5585,Jouxtens-Mezery,193,23,100,47,1145,1,1,1
1,5634,Echichens,260,24,186,29,1119,1,1,1
1,5730,Trelex,569,191,306,41,1113,1,1,1
1,5632,Denges,167,12,89,24,1109,1,1,1
1,6151,Champery,3888,1301,206,78,1107,3,1,1
1,6626,Jussy,1134,417,634,57,1107,2,1,1
1,5860,Perroy,289,16,185,40,1104,1,1,1
1,5795,Palezieux,577,144,369,31,1091,1,1,1
1,6132,Charrat,762,305,342,31,1081,1,1,1
1,5410,Ormont-Dessous,6410,2743,677,91,1075,3,1,1
1,6281,Baltschieder,3144,103,113,15,1050,3,1,1
1,5707,Chavannes-de-Bogis,285,31,167,29,1048,1,1,1
1,5709,Cheserex,1060,547,342,32,1043,1,1,1
1,5719,Gingins,1258,717,206,58,1037,2,1,1
1,6218,Salvan,5351,1375,67,46,1020,3,1,1
1,5726,La Rippe,1661,983,277,32,1010,2,1,1
1,5503,Vufflens-la-Ville,529,116,338,33,999,1,1,1
1,6057,Fiesch,1126,458,82,38,996,2,1,1
1,5405,Gryon,1515,770,123,105,993,2,1,1
1,6114,Turtmann,682,248,309,23,992,1,1,1
1,5799,Servion,420,100,255,35,979,1,1,1
1,5745,Baulmes,2253,1232,528,20,970,2,1,1
1,5791,Mezieres (VD),348,79,218,30,969,1,1,1
1,5655,Yens,949,360,521,37,965,1,1,1
1,5415,Yvorne,1219,491,588,25,962,2,1,1
1,5731,Le Vaud,311,88,157,47,942,1,1,1
1,6249,Venthone,253,58,129,29,935,1,1,1
1,6614,Choulex,388,36,292,46,935,1,1,1
1,6213,Evionnaz,4799,911,99,24,930,3,1,1
1,5514,Bottens,679,131,502,27,917,1,1,1
1,6134,Iserables,1524,770,71,22,914,2,1,1
1,6241,Miege,253,91,117,19,913,1,1,1
1,6611,Chancy,535,179,286,31,913,1,1,1
1,5482,Eclepens,581,155,315,27,904,1,1,1
1,5715,Duillier,419,32,322,29,901,1,1,1
1,5843,Rougemont,4855,1533,438,61,901,3,1,1
1,6087,Saint-Martin (VS),3702,1584,286,37,897,3,1,1
1,5413,Roche (VD),645,200,330,34,894,1,1,1
1,5527,Morrens (VD),368,73,246,36,888,1,1,1
1,6264,Salins,414,206,114,40,883,1,1,1
1,5512,Bercher,426,112,253,30,878,1,1,1
1,5744,Ballaigues,904,448,317,33,871,1,1,1
1,5706,Borex,201,3,157,27,865,1,1,1
1,5486,L'Isle,1625,755,675,38,858,2,1,1
1,5891,Veytaux,672,490,3,19,851,1,1,1
1,5705,Bogis-Bossey,244,65,142,22,847,1,1,1
1,5456,Cudrefin,1325,254,889,48,844,2,1,1
1,5703,Bassins,2080,1266,261,44,832,2,1,1
1,5716,Eysins,238,18,173,27,831,1,1,1
1,6295,Tasch,5872,547,108,19,831,3,1,1
1,5494,Pampigny,1108,411,643,24,828,2,1,1
1,5720,Givrins,397,175,170,38,823,1,1,1
1,6625,Hermance,144,22,85,31,816,1,1,1
1,5501,Sullens,385,49,281,28,813,1,1,1
1,5521,Etagnieres,380,57,295,18,800,1,1,1
1,6261,Arbaz,1929,498,138,51,800,2,1,1
1,5873,Le Lieu,3255,1954,360,26,795,3,1,1
1,6035,Sembrancher,1763,1114,210,18,792,2,1,1
1,5406,Lavey-Morcles,1418,879,88,34,781,2,1,1
1,6010,Termen,1873,510,187,29,781,2,1,1
1,5782,Carrouge (VD),542,111,380,27,780,1,1,1
1,6155,Saint-Gingolph,1438,826,34,30,773,2,1,1
1,5511,Assens,450,44,366,15,770,1,1,1
1,6242,Mollens (VS),3251,956,92,60,770,3,1,1
1,5714,Crassier,203,26,147,19,769,1,1,1
1,5857,Gilly,778,272,433,32,768,1,1,1
1,5497,Pompaples,445,82,318,14,761,1,1,1
1,6101,Agarn,765,254,90,20,758,1,1,1
1,6609,Cartigny,437,129,247,28,748,1,1,1
1,6173,Bitsch,402,203,69,20,747,1,1,1
1,5473,Boussens,315,43,254,15,743,1,1,1
1,6601,Aire-la-Ville,284,72,129,22,736,1,1,1
1,5732,Vich,156,40,76,23,734,1,1,1
1,6131,Bovernier,1286,931,50,22,733,2,1,1
1,5817,Grandcour,1018,141,816,35,730,1,1,1
1,5746,Bavois,932,149,703,22,727,1,1,1
1,5637,Lavigny,401,20,335,23,701,1,1,1
1,5492,Montricher,2594,1489,694,34,696,2,1,1
1,5554,Concise,1140,767,263,25,684,2,1,1
1,6193,Burchen,1345,741,219,44,672,2,1,1
1,5520,Essertines-sur-Yverdon,978,249,662,25,663,1,1,1
1,5639,Lully (VD),206,31,139,23,663,1,1,1
1,6033,Liddes,6016,1430,412,27,659,3,1,1
1,5553,Champagne,393,144,220,13,653,1,1,1
1,6286,Lalden,128,21,51,13,651,1,1,1
1,5408,Noville,1032,381,438,28,647,1,1,1
1,5537,Villars-le-Terroir,706,98,553,30,637,1,1,1
1,5427,Fechy,271,18,193,29,632,1,1,1
1,5653,Vufflens-le-Chateau,214,29,152,24,631,1,1,1
1,5535,Saint-Barthelemy (VD),411,49,336,13,629,1,1,1
1,6191,Ausserberg,1490,673,143,19,628,2,1,1
1,5786,Les Cullayes,212,19,158,24,628,1,1,1
1,5434,Saint-George,1230,939,166,40,618,2,1,1
1,6635,Presinge,469,93,337,25,614,1,1,1
1,5524,Goumoens-la-Ville,727,143,553,15,611,1,1,1
1,6212,Dorenaz,1257,758,132,21,607,2,1,1
1,5922,Montagny-pres-Yverdon,355,23,255,20,606,1,1,1
1,5623,Buchillon,213,68,89,43,604,1,1,1
1,5651,Villars-Sainte-Croix,166,16,98,16,602,1,1,1
1,6116,Varen,1281,436,155,17,602,2,1,1
1,6610,Celigny,466,84,320,43,599,1,1,1
1,5480,Daillens,555,112,367,24,598,1,1,1
1,6639,Soral,289,14,249,14,597,1,1,1
1,5926,Pomy,562,89,437,15,583,1,1,1
1,5631,Denens,327,6,286,22,581,1,1,1
1,5689,Thierrens,872,200,628,22,579,1,1,1
1,5640,Lussy-sur-Morges,233,31,176,19,578,1,1,1
1,6006,Mund,4012,817,214,16,574,3,1,1
1,6198,Niedergesteln,1742,494,166,13,573,2,1,1
1,6231,Ayer,11907,1566,201,54,570,4,1,1
1,5539,Vuarrens,899,217,639,19,565,1,1,1
1,5412,Rennaz,221,2,157,17,565,1,1,1
1,5484,Gollion,544,62,446,21,565,1,1,1
1,5612,Villette (Lavaux),136,3,96,15,564,1,1,1
1,5515,Bretigny-sur-Morrens,288,69,185,20,563,1,1,1
1,5652,Villars-sous-Yens,306,54,236,8,560,1,1,1
1,5458,Faoug,345,87,193,28,559,1,1,1
1,6294,Staldenried,1432,614,99,23,554,2,1,1
1,5489,Mex (VD),290,88,157,20,547,1,1,1
1,5533,Poliez-Pittet,500,184,281,17,543,1,1,1
1,6627,Laconnex,385,31,317,12,540,1,1,1
1,5435,Saint-Livres,810,354,401,16,538,1,1,1
1,5933,Valeyres-sous-Montagny,227,50,141,15,534,1,1,1
1,5743,Arnex-sur-Orbe,762,155,557,21,530,1,1,1
1,5909,Cheseaux-Noreaz,609,315,165,20,528,1,1,1
1,5452,Bellerive (VD),227,23,142,31,528,1,1,1
1,5532,Poliez-le-Grand,515,64,415,23,528,1,1,1
1,6179,Morel,119,36,34,17,524,1,1,1
1,5853,Bursins,336,108,196,17,522,1,1,1
1,5552,Bullet,1685,753,267,49,522,2,1,1
1,5904,Chamblon,285,66,156,24,513,1,1,1
1,5842,Rossiniere,2334,1095,257,21,507,2,1,1
1,5570,Villars-Burquin,481,294,124,20,504,1,1,1
1,6194,Eischoll,1377,625,237,21,500,2,1,1
1,6296,Torbel,1759,663,183,20,498,2,1,1
1,5763,Valeyres-sous-Rances,636,76,524,16,497,1,1,1
1,5856,Essertines-sur-Rolle,697,150,509,28,496,1,1,1
1,6177,Grengiols,5846,1495,289,15,491,3,1,1
1,6202,Wiler (Lotschen),1466,317,68,12,488,2,1,1
1,6211,Collonges,1223,616,102,9,488,2,1,1
1,6267,Veysonnaz,110,42,35,15,467,1,1,1
1,6103,Bratsch,617,208,100,12,464,1,1,1
1,5919,Mathod,659,56,563,16,459,1,1,1
1,5931,Treycovagnes,207,1,177,9,458,1,1,1
1,5630,Colombier (VD),530,53,447,15,456,1,1,1
1,6063,Munster (VS),3856,681,278,18,455,3,1,1
1,6251,Vissoie,150,105,10,12,451,1,1,1
1,5708,Chavannes-des-Bois,213,80,113,15,450,1,1,1
1,6171,Betten,2635,315,136,18,449,2,1,1
1,5692,Vucherens,326,79,212,22,444,1,1,1
1,5645,Romanel-sur-Morges,176,25,126,11,441,1,1,1
1,6220,Verossaz,1428,670,172,21,439,2,1,1
1,5432,Montherod,497,230,240,11,439,1,1,1
1,5803,Vulliens,664,179,456,16,438,1,1,1
1,5765,Vaulion,1318,630,356,15,437,2,1,1
1,5761,Romainmotier-Envy,701,482,192,9,435,1,1,1
1,6052,Bellwald,1369,271,163,34,427,2,1,1
1,5529,Oulens-sous-Echallens,588,153,386,15,427,1,1,1
1,6201,Unterbach,2199,609,110,18,426,2,1,1
1,5522,Fey,735,197,510,18,422,1,1,1
1,5760,Rances,984,357,468,11,419,1,1,1
1,5766,Vuiteboeuf,503,214,251,11,417,1,1,1
1,5855,Dully,166,29,96,30,414,1,1,1
1,5785,Corcelles-le-Jorat,794,335,425,20,412,1,1,1
1,5685,Saint-Cierges,644,221,402,12,411,1,1,1
1,6117,Guttet-Feschel,1051,272,116,13,410,1,1,1
1,6237,Grimentz,5830,410,65,25,404,3,1,1
1,5756,Montcherand,306,92,161,11,404,1,1,1
1,6239,Icogne,2481,705,101,34,404,2,1,1
1,6287,Randa,5453,537,98,10,404,3,1,1
1,5654,Vullierens,682,60,583,22,402,1,1,1
1,5565,Onnens (VD),512,252,228,10,397,1,1,1
1,6288,Saas Almagell,11022,452,31,13,397,4,1,1
1,6289,Saas Balen,3018,685,51,12,397,2,1,1
1,5479,Cuarnens,717,218,462,13,395,1,1,1
1,6637,Russin,496,117,268,12,392,1,1,1
1,5851,Allaman,261,44,152,22,392,1,1,1
1,5728,Signy-Avenex,193,3,151,14,390,1,1,1
1,5530,Pailly,577,102,437,16,389,1,1,1
1,6056,Ernen,1531,511,186,19,385,2,1,1
1,5813,Chevroux,437,86,208,22,383,1,1,1
1,6086,Nax,2455,729,171,37,383,2,1,1
1,6004,Eggerberg,594,338,64,18,382,1,1,1
1,5647,Saint-Saphorin-sur-Morges,379,15,345,14,381,1,1,1
1,5798,Ropraz,482,91,343,19,373,1,1,1
1,5792,Montpreveyres,411,204,171,22,373,1,1,1
1,5426,Bougy-Villars,177,45,98,17,370,1,1,1
1,6624,Gy,330,98,198,18,370,1,1,1
1,5566,Provence,3179,1371,483,23,368,3,1,1
1,5815,Combremont-le-Petit,574,128,409,13,368,1,1,1
1,5710,Coinsins,290,47,206,17,368,1,1,1
1,6197,Kippel,1166,354,77,5,368,2,1,1
1,5783,Chatillens,211,56,136,7,365,1,1,1
1,5621,Aclens,392,65,273,13,363,1,1,1
1,5622,Bremblens,291,60,198,18,360,1,1,1
1,6067,Reckingen (VS),3384,635,203,16,356,3,1,1
1,6283,Embd,1339,203,60,7,353,2,1,1
1,5474,La Chaux (Cossonay),673,118,513,17,352,1,1,1
1,5499,Senarclens,398,19,353,15,349,1,1,1
1,5430,Marchissy,1198,780,256,13,348,2,1,1
1,5559,Giez,478,171,281,15,348,1,1,1
1,5610,Saint-Saphorin (Lavaux),91,10,54,7,348,1,1,1
1,5404,Corbeyrier,2200,1141,119,25,347,2,1,1
1,5929,Suchy,666,251,394,10,345,1,1,1
1,5556,Fiez,683,244,204,7,345,1,1,1
1,5429,Longirod,947,532,333,14,344,1,1,1
1,5551,Bonvillars,754,325,321,14,344,1,1,1
1,5790,Maracon,333,77,236,10,344,1,1,1
1,5478,Cottens (VD),237,35,183,16,343,1,1,1
1,5538,Villars-Tiercelin,502,238,230,13,343,1,1,1
1,5423,Ballens,847,255,541,12,342,1,1,1
1,5531,Penthereaz,566,173,369,9,342,1,1,1
1,5852,Bursinel,177,21,134,11,342,1,1,1
1,5462,Vallamand,237,55,150,19,339,1,1,1
1,5625,Bussy-Chardonney,305,25,254,17,337,1,1,1
1,5755,Lignerolle,1062,501,325,12,334,1,1,1
1,5493,Orny,555,88,436,14,334,1,1,1
1,6009,Simplon,9082,1114,194,16,333,4,1,1
1,5787,Ecoteaux,355,51,278,13,331,1,1,1
1,5471,Bettens,374,48,258,15,330,1,1,1
1,5485,Grancy,565,152,378,18,328,1,1,1
1,5491,Mont-la-Ville,1975,1047,396,17,328,2,1,1
1,5487,Lussery-Villars,365,32,306,12,327,1,1,1
1,5644,Reverolle,119,2,97,12,323,1,1,1
1,5858,Luins,269,34,206,9,322,1,1,1
1,5913,Donneloye,372,130,219,11,320,1,1,1
1,5914,Ependes (VD),479,69,364,9,320,1,1,1
1,6247,Saint-Luc,3188,945,58,36,319,3,1,1
1,5664,Chapelle-sur-Moudon,463,59,376,17,319,1,1,1
1,6214,Finhaut,2288,600,33,17,318,2,1,1
1,5609,Rivaz,32,0,22,3,317,1,1,1
1,5722,Grens,254,6,230,7,316,1,1,1
1,5403,Chessel,357,87,219,12,314,1,1,1
1,5796,Peney-le-Jorat,446,174,251,9,312,1,1,1
1,5854,Burtigny,568,199,332,13,311,1,1,1
1,5603,Epesses,160,47,99,4,308,1,1,1
1,5814,Combremont-le-Grand,661,134,501,11,308,1,1,1
1,5910,Cronay,661,219,406,10,308,1,1,1
1,5751,Corcelles-sur-Chavornay,549,162,356,13,305,1,1,1
1,6180,Ried-Morel,1566,667,85,13,304,2,1,1
1,6105,Erschmatt,1120,254,109,9,302,2,1,1
1,5608,Riex,137,13,104,9,300,1,1,1
1,5905,Champvent,688,176,484,12,299,1,1,1
1,5863,Vinzel,111,21,77,8,295,1,1,1
1,6061,Lax,502,194,68,13,290,1,1,1
1,5463,Villars-le-Grand,421,11,376,14,290,1,1,1
1,5513,Bioley-Orjulaz,312,56,222,9,288,1,1,1
1,6195,Ferden,2792,500,66,10,286,2,1,1
1,5673,Hermenches,476,136,309,15,284,1,1,1
1,6192,Blatten,9065,812,175,15,281,4,1,1
1,5455,Constantine,283,42,200,18,280,1,1,1
1,5641,Monnaz,161,25,122,10,279,1,1,1
1,5555,Corcelles-pres-Concise,409,170,201,19,278,1,1,1
1,5669,Curtilles,495,74,389,12,277,1,1,1
1,5826,Seigneux,372,117,233,13,276,1,1,1
1,5821,Missy,311,7,267,18,275,1,1,1
1,5431,Mollens (VD),1100,555,490,9,272,2,1,1
1,6081,Les Agettes,509,332,72,28,270,1,1,1
1,5752,Croy,449,215,211,9,267,1,1,1
1,5789,Ferlens (VD),218,47,161,5,265,1,1,1
1,6102,Albinen,1548,571,68,13,261,2,1,1
1,6066,Oberwald,9692,755,152,15,260,4,1,1
1,5788,Essertes,166,27,124,6,259,1,1,1
1,5628,Chigny,90,4,69,8,258,1,1,1
1,6058,Fieschertal,17296,387,77,10,255,5,1,1
1,5472,Bournens,389,66,293,12,251,1,1,1
1,5902,Belmont-sur-Yverdon,649,121,490,9,247,1,1,1
1,5671,Dompierre (VD),322,74,225,15,246,1,1,1
1,5517,Dommartin,294,101,177,9,241,1,1,1
1,5436,Saint-Oyens,305,117,173,10,237,1,1,1
1,5754,Juriens,935,471,276,12,237,1,1,1
1,5741,L'Abergement,574,319,155,15,235,1,1,1
1,6299,Zeneggen,749,522,157,17,235,1,1,1
1,5907,Chavannes-le-Chene,398,50,329,11,233,1,1,1
1,5794,Oron-le-Chatel,126,44,65,9,233,1,1,1
1,5536,Sugnens,269,65,181,10,233,1,1,1
1,5827,Trey,380,68,270,15,232,1,1,1
1,5819,Henniez,263,62,158,13,230,1,1,1
1,5680,Ogens,340,102,218,13,227,1,1,1
1,6282,Eisten,3805,909,51,9,226,3,1,1
1,5742,Agiez,547,173,348,6,224,1,1,1
1,5461,Oleyres,192,48,129,10,223,1,1,1
1,5483,Ferreyres,313,133,164,9,222,1,1,1
1,6071,Ulrichen,4435,384,170,12,221,3,1,1
1,6001,Birgisch,575,266,67,11,217,1,1,1
1,5424,Berolle,959,584,260,9,212,1,1,1
1,6032,Bourg-Saint-Pierre,9009,614,68,10,212,4,1,1
1,5661,Boulens,345,116,214,7,211,1,1,1
1,5476,Chevilly,389,73,290,10,211,1,1,1
1,5687,Sottens,453,134,286,13,210,1,1,1
1,5759,Premier,611,297,227,11,208,1,1,1
1,6085,Mase,1110,466,61,14,207,2,1,1
1,5924,Orges,401,61,314,10,203,1,1,1
1,5490,Moiry,666,370,273,12,202,1,1,1
1,6196,Hohtenn,699,336,51,7,200,1,1,1
1,5748,Bretonnieres,546,265,246,13,200,1,1,1
1,5437,Saubraz,369,164,176,6,198,1,1,1
1,5453,Chabrey,396,147,179,12,198,1,1,1
1,5925,Orzens,419,69,334,11,197,1,1,1
1,5665,Chavannes-sur-Moudon,515,104,390,10,197,1,1,1
1,6245,Saint-Jean,1555,716,84,18,196,2,1,1
1,6065,Obergesteln,1456,360,216,7,195,2,1,1
1,5534,Rueyres,201,37,145,10,195,1,1,1
1,5862,Tartegnin,109,43,58,2,194,1,1,1
1,5500,Severy,237,24,201,9,193,1,1,1
1,6073,Grafschaft,2262,460,220,14,192,2,1,1
1,5830,Villarzel,406,110,280,9,190,1,1,1
1,5691,Villars-Mendraz,155,28,115,6,190,1,1,1
1,5663,Bussy-sur-Moudon,309,65,227,10,186,1,1,1
1,5921,Molondin,553,161,372,8,181,1,1,1
1,5934,Valeyres-sous-Ursins,283,55,215,6,180,1,1,1
1,5930,Suscevaz,415,46,339,8,178,1,1,1
1,6104,Ergisch,2991,1131,112,6,176,2,1,1
1,5460,Mur (VD),178,16,140,9,173,1,1,1
1,5801,Les Thioleyres,193,14,172,4,172,1,1,1
1,5911,Cuarny,456,125,321,7,171,1,1,1
1,5923,Oppens,360,100,247,9,170,1,1,1
1,5481,Dizy,303,66,215,5,170,1,1,1
1,5932,Ursins,337,69,256,4,170,1,1,1
1,5903,Bioley-Magnoux,427,115,282,6,169,1,1,1
1,5662,Brenles,385,115,255,7,163,1,1,1
1,6060,Gluringen,740,164,90,9,161,1,1,1
1,6115,Unterems,135,74,53,6,161,1,1,1
1,5666,Chesalles-sur-Moudon,165,19,136,7,159,1,1,1
1,5650,Vaux-sur-Morges,210,27,165,9,158,1,1,1
1,5747,Bofflens,419,97,303,8,157,1,1,1
1,5459,Montmagny,377,72,290,6,156,1,1,1
1,6054,Binn,6503,1100,116,9,155,3,1,1
1,5750,Les Clees,702,490,169,6,154,1,1,1
1,6174,Filet,726,398,38,6,152,1,1,1
1,5674,Lovatens,345,58,279,5,151,1,1,1
1,5824,Sassel,335,93,225,8,148,1,1,1
1,5784,Chesalles-sur-Oron,200,34,147,10,148,1,1,1
1,5820,Marnand,224,68,133,11,145,1,1,1
1,6176,Greich,285,95,23,11,144,1,1,1
1,5560,Grandevent,346,175,78,6,144,1,1,1
1,6088,Vernamiege,739,504,69,11,144,1,1,1
1,5825,Sedeilles,247,63,171,7,144,1,1,1
1,5682,Peyres-Possens,191,76,97,3,143,1,1,1
1,5629,Clarmont,101,12,81,5,142,1,1,1
1,5918,Gressy,224,39,155,7,139,1,1,1
1,5672,Forel-sur-Lucens,284,54,214,6,137,1,1,1
1,5701,Arnex-sur-Nyon,204,29,160,9,136,1,1,1
1,5912,Demoret,424,70,337,11,133,1,1,1
1,5916,Essert-sous-Champvent,122,25,86,4,132,1,1,1
1,5557,Fontaines-sur-Grandson,786,389,212,5,132,1,1,1
1,6142,Trient,3957,1233,52,8,130,3,1,1
1,5457,Donatyre,111,11,90,8,127,1,1,1
1,5927,Prahins,242,63,168,3,126,1,1,1
1,5915,Essert-Pittet,276,23,225,5,125,1,1,1
1,6112,Oberems,8460,1143,85,14,125,4,1,1
1,5475,Chavannes-le-Veyron,258,70,176,7,125,1,1,1
1,5690,Villars-le-Comte,422,109,303,5,122,1,1,1
1,5800,Les Tavernes,229,55,164,3,122,1,1,1
1,5670,Denezy,378,88,272,12,122,1,1,1
1,5679,Neyruz-sur-Moudon,352,92,246,5,120,1,1,1
1,5802,Vuibroye,141,15,121,7,120,1,1,1
1,5829,Villars-Bramard,320,120,178,6,118,1,1,1
1,5758,La Praz,513,262,158,7,117,1,1,1
1,5688,Syens,253,90,130,7,117,1,1,1
1,5683,Prevonloup,184,24,146,7,114,1,1,1
1,5563,Mutrux,321,199,99,3,113,1,1,1
1,5917,Gossens,102,14,79,4,113,1,1,1
1,5667,Correvon,224,32,177,3,110,1,1,1
1,5762,Sergey,148,34,97,6,108,1,1,1
1,6216,Mex (VS),792,372,16,7,106,1,1,1
1,5908,Chene-Paquier,211,51,146,3,104,1,1,1
1,5828,Treytorrens (Payerne),306,65,232,6,102,1,1,1
1,5812,Champtauroz,305,59,228,7,100,1,1,1
1,5937,Vugelles-La Mothe,308,185,103,3,99,1,1,1
1,6055,Blitzingen,1181,323,99,8,99,2,1,1
1,5564,Novalles,206,100,95,2,99,1,1,1
1,6233,Chandolin,1665,984,37,21,95,2,1,1
1,5528,Naz,116,26,80,3,91,1,1,1
1,6109,Inden,986,266,42,5,89,1,1,1
1,5906,Chaneaz,139,38,97,2,87,1,1,1
1,5928,Rovray,235,47,175,5,87,1,1,1
1,5562,Mauborget,550,391,88,10,85,1,1,1
1,5519,Eclagnens,214,29,172,5,83,1,1,1
1,6062,Muhlebach,979,216,54,7,81,1,1,1
1,6175,Goppisberg,253,121,19,8,79,1,1,1
1,6011,Zwischbergen,8615,2103,34,7,78,4,1,1
1,5677,Montaubion-Chardonney,209,67,130,6,74,1,1,1
1,5797,La Rogivue,106,20,69,2,72,1,1,1
1,5676,Martherenges,83,30,49,3,71,1,1,1
1,6064,Niederwald,468,205,60,2,70,1,1,1
1,5558,Fontanezier,373,184,108,5,70,1,1,1
1,5920,Mezery-pres-Donneloye,185,19,159,3,69,1,1,1
1,5781,Bussigny-sur-Oron,117,17,93,3,67,1,1,1
1,5433,Pizy,252,66,170,7,65,1,1,1
1,6059,Geschinen,1004,241,131,4,65,1,1,1
1,5811,Cerniaz (VD),177,35,140,4,63,1,1,1
1,5526,Malapalud,83,15,64,2,61,1,1,1
1,5686,Sarzens,145,23,109,4,60,1,1,1
1,5681,Oulens-sur-Lucens,159,55,91,4,52,1,1,1
1,5668,Cremin,163,37,113,3,51,1,1,1
1,5684,Rossenges,108,4,100,2,51,1,1,1
1,5935,Villars-Epeney,86,13,72,2,50,1,1,1
1,5488,Mauraz,50,5,39,1,48,1,1,1
1,6051,Ausserbinn,461,275,43,2,47,1,1,1
1,5823,Rossens (VD),113,12,95,5,46,1,1,1
1,5936,Villars-sous-Champvent,92,5,81,2,45,1,1,1
1,5569,Vaugondry,84,37,44,2,38,1,1,1
1,5901,Arrissoules,86,14,68,2,37,1,1,1
1,5567,Romairon,489,286,54,5,37,1,1,1
1,5525,Goumoens-le-Jux,129,45,86,1,34,1,1,1
1,5454,Champmartin,260,123,82,9,33,1,1,1
1,6070,Steinhaus,567,249,60,1,33,1,1,1
1,6172,Bister,584,233,64,2,33,1,1,1
1,6178,Martisberg,301,124,44,3,27,1,1,1
